{"type":"GenericSmelter","name":"Cookie Factory","description":"Produces a good snack and a good ammo","health":5000,"itemCapacity":40,"outputItem":{"item":"cookie","amount":1},"size":3,"hasPower":true,"hasItems":true,"craftTime":120,"updateEffect":"smeltsmoke","consumes":{"power":2.8,"items":{"items":[{"item":"crystalic-sugar","amount":3},{"item":"copper","amount":20}]}},"requirements":[{"item":"copper","amount":30},{"item":"titanium","amount":120},{"item":"silicon","amount":75}],"category":"crafting","idleSound":"respawning","idleSoundVolume":0.5}