{"type":"GenericCrafter","name":"Plastanium Crucible","description":"Melts plastanium down for use in crafting.","liquidCapacity":50,"outputLiquid":{"liquid":"Molten-Plastanium","amount":7},"size":2,"hasPower":true,"hasLiquids":true,"craftTime":10,"updateEffect":"smeltsmoke","consumes":{"power":0.6,"item":"plastanium"},"requirements":[{"item":"lead","amount":50},{"item":"copper","amount":80},{"item":"silicon","amount":20}],"category":"crafting","idleSound":"respawning","idleSoundVolume":0.5,"research":"kiln"}