{"type":"GenericSmelter","name":"Plasthorium Forge","description":"Combines molten plastanium and thorium to produces a toxic ammo","liquidCapacity":50,"outputItem":{"item":"Plasthorium","amount":1},"size":2,"hasPower":true,"hasLiquids":true,"hasItems":true,"craftTime":60,"updateEffect":"smeltsmoke","consumes":{"power":0.7,"items":{"items":[{"item":"thorium","amount":2}]},"liquid":{"liquid":"Molten-Plastanium","amount":1}},"requirements":[{"item":"lead","amount":50},{"item":"thorium","amount":80},{"item":"silicon","amount":60},{"item":"plastanium","amount":50}],"category":"crafting","idleSound":"respawning","idleSoundVolume":0.5,"research":"Plastanium-Crucible"}