{"type":"burstTurret","name":"Plastanium Cannon","description":"A high calibre plastanium turret,who shots air and ground,but be carefully,it consumes a lot of ammo","targetAir":true,"targetGround":true,"health":1600,"size":2,"inaccuracy":5,"reload":2,"shootCone":20,"rotateSpeed":20,"shots":2,"range":350,"burstSpacing":6,"ammo":{"plastanium":{"speed":12,"damage":20,"bulletWidth":6,"bulletHeight":15,"shootEffect":"shootSmall","smokeEffect":"shootSmallSmoke","ammoMultiplier":15},"thorium":{"speed":25,"damage":25,"bulletWidth":8,"bulletHeight":25,"shootEffect":"shootSmall","smokeEffect":"shootSmallSmoke","ammoMultiplier":5}},"requirements":[{"item":"lead","amount":40},{"item":"titanium","amount":10},{"item":"thorium","amount":20},{"item":"Plasthorium","amount":80}],"category":"turret","research":"cyclone"}