{"type":"burstTurret","name":"Shield Turret","description":"An anti-ground turret who haves a lot of hit point,but its vulnarable to air units","targetAir":false,"targetGround":true,"health":7500,"size":2,"inaccuracy":10,"reload":20,"shootCone":20,"rotateSpeed":25,"shots":4,"range":175,"ammo":{"silicon":{"speed":3.2,"damage":12,"bulletWidth":12,"bulletHeight":18,"shootEffect":"shootSmall","smokeEffect":"shootSmallSmoke","ammoMultiplier":2},"Plasthorium":{"speed":3,"damage":20,"bulletWidth":12,"bulletHeight":21,"shootEffect":"shootSmall","smokeEffect":"shootSmallSmoke","ammoMultiplier":5}},"requirements":[{"item":"titanium","amount":36},{"item":"Plasthorium","amount":12},{"item":"thorium","amount":80},{"item":"lead","amount":4}],"category":"turret","liquidCapacity":50,"research":"ripple"}